slang,formal
,
sayang,
lapo,
mencak,
15mbps,
mengharapkan,
gusti,
segar,
ditransfer,
dukung,
ngerender,
1152,
terlanjur,
btw,
kukumahaan,
sampah,
hilang,
berulang,
diam,
extra,
berani,
paginya,
seram,
eh,
dibaca,
family,
bl,
dompet,
counter,
datanya,
kkn,
tinggal,
perhatian,
dorm,
90gb,
bantuan,
colek,
ambil,
kali,
mohon,
berjajar,
gmeetnya,
yan,
buruan,
gamtenk,
diisikan,
42,
buffering,
aslinya,
dua,
jaringan,
70gb,
lapar,
gara,
gas,
kurang,
know,
labil,
menikmati,
5000,
cobaan,
batas-batas,
notabene,
kelas,
versi,
streaming,
ambyar,
kapan,
kanginan,
en,
malu,
shani,
cemilan,
berkah,
lelet-leletnya,
permasalahan,
lagi-lagi,
harian,
hari-hari,
waifai,
isu,
menyediakan,
kelamin,
sejauh,
menguntungkan,
pemasukan,
penyambung,
diriku,
dagang,
his,
dsb,
siapkan,
maafkan,
bapakmu,
gengs,
smartfreen,
disconecting,
bangun,
anjlok,
menyangka,
lirik,
mengaku,
tur,
lantai,
hack,
lampu,
setan,
deal,
salah,
malas,
rumahku,
rugi,
harap,
spikenya,
terimakasi,
kedaluwarsa,
supaya,
senangnya,
bang,
hit,
tak,
ketahuan,
masnodpj,
cingta,
keluarga,
kbps,
langkah,
menyesakkan,
bersaing,
gab,
hilih,
indie,
jancuk,
kocak,
buang-buang,
takde,
off,
bijaksana,
dong,
gmbel,
pintar,
layanan,
pembaruannya,
fess,
t,
digital,
transfer,
bosan,
khilaf,
tempat,
topupnya,
cerdas,
unmood,
diputar,
repot,
bangsat,
genks,
ihiiyy,
mengucapkan,
seharian,
klik,
sekeluarga,
hd,
memang,
customer,
sehari,
mesti,
one,
berjalan,
bad,
terjun,
nama,
trafik,
byte,
menyesal,
sungpa,
day6,
penting,
padang,
ayo,
seringlah,
lu,
guru,
bapaknya,
terhambat,
munteb,
oge,
ibu,
bagi-bagi,
meniupnya,
aktivasi,
kontroversial,
sengaja,
non,
caption,
tahunan,
mantan,
menitan,
belakang,
cu,
choice,
sicepatekspres,
dibilang,
sinyalku,
berpikir,
sf,
berkelahi,
1930,
hidup,
spesial,
ulasannya,
namun,
daku,
sesat,
indihome,
percaya,
5166204,
bahkan,
anies,
tertipu,
terhubung,
lope,
borosku,
bagaimana,
sosial,
kuat,
milik,
pengikutku,
mvnrepository,
mengganti,
alamat,
yuk,
berlanjut,
desainer,
loading,
jika,
amaat,
error,
gencar,
tunggu-tunggu,
digocek,
diurus,
bothering,
nomernya,
3gb,
screenshot,
2500,
ribut,
cengkareng,
25g,
nerf,
impact,
oy,
zzzz,
25mbps,
pengajuan,
gift,
bawah,
tercolek,
refund,
rp100,
akan,
bandung,
gb,
seminar,
secinta,
bersalah,
semacam,
peramban,
cingcong,
titik,
omong,
resp,
mau,
november,
gela,
tebal,
hei,
prioritas,
maaf,
dicium,
rubah,
18gb,
durasi,
butu,
jnecare,
bua,
androbuntu,
supirpete2,
sun,
ngehype,
corona,
media,
etuk,
ketiduran,
75k,
ketik,
guna,
wildriftid,
burgerkingid,
suara,
kamis,
gaco,
ggggrrrr,
bela-belakan,
dikasih,
disarankan,
darurat,
didm,
kepastian,
jumping,
dipinang,
sumenep,
kenny,
dianuinga,
videonya,
2mb,
tel,
tunaikan,
kelewatan,
skip,
dream,
mahasiswa,
halah,
benarnya,
pelajar,
firstmedia,
200ms,
pe,
detik,
padanya,
instagram,
buatku,
ngemp,
gsh,
fast,
sialan,
sangat,
debit,
menurun,
sekarat,
pppp,
selama,
kkm,
hdnya,
gerangan,
mengenai,
otp,
menguras,
kasirnya,
gote,
macet,
lanjutkan,
offline,
30,
gratisan,
cemas,
permintaan,
tertarik,
agar,
peket,
bertanya,
conge,
kukira,
berhenti,
under,
desember,
miskinku,
ras,
pengalamannya,
sabtu,
of,
20k,
pengantaran,
online,
varian,
sulawesi,
hati,
nindy,
gantinya,
apalah,
biznet,
90,
tida,
robot,
paket,
me,
mengkhianati,
rumit,
sem,
rbh,
zonauang,
nak,
kiri,
proyek,
diejek,
indoict,
doa,
developer,
1mb,
uuuusuk,
akhi,
don,
mengejar,
giga,
fleets,
8an,
pertama,
ejector,
hope,
planet,
intinya,
entot,
b,
karukaruan,
100000,
retro,
akun,
ditemukan,
awal-awal,
ronda,
peak,
favoritku,
periskop,
lekas,
genshin,
rapi,
webinar,
apee,
sungguh,
kita,
pacar,
terbaca,
mempromosikan,
push,
terjadi,
heng,
ti1719,
lebat,
mentang-mentang,
menyebutkan,
kebiasaan,
mengangkat,
bikinan,
flop,
menfess,
gen,
timur,
introspeksi,
melihat,
hshwqushq,
paketan,
teliti,
mendukung,
sedotan,
teras,
menyebabkan,
ini,
begitu,
membosankan,
blokir,
enam,
top,
tasbih,
ok,
amin,
boros,
hampir,
pakainya,
perkembangan,
sia,
mouse,
gara-gara,
133,
ueueu,
disegerakan,
move,
keos,
undian,
scoring,
harus,
ungent,
nct,
jeketi,
pula,
utara,
patah-patah,
burik,
tergoda,
606,
berhutang,
bedanya,
34,
stella,
bantuannya,
akhir,
nyelip,
giveaway,
kbud,
subsidi,
patah,
menu,
sayangnya,
berikut,
segitu,
spam,
megap-megap,
gaisi,
karen,
masalahnya,
konser,
raih,
oi,
berkendala,
promo,
ilah,
slow,
livestream,
bengong,
mi,
mengerikan,
em,
jae,
asal,
emosi,
ikhlas,
daaaa,
dasarnya,
memasang,
140k,
23,
8gb,
mbankin,
dihilangkan,
dekira,
segala,
manusia,
personal,
padamu,
orgasme,
ragu,
puji,
enih,
ipar,
gita131,
emyu,
mereka,
agent,
lancarnya,
jaewon,
hancur,
apkasinya,
suka,
bufferingnya,
aplikasinya,
10an,
bletot,
mengadu,
twi,
penyebab,
2336,
bertanggung,
gunung,
ngadi,
pelayanannya,
kebangsatan,
mundur,
konter,
mager,
asyik,
promonya,
mengambek,
murahnya,
pokoknya,
diisi,
papuanlivesmatter,
admin,
are,
akrab,
ovo,
fu,
repeh,
operator,
woy,
so,
sekian,
masih,
sesama,
call,
sih,
gila,
tetiba,
kau,
bening,
tampilan,
sakuna,
metode,
ngaret,
balikan,
sebu,
selamanya,
waras,
kesempatan,
danta,
membalas,
amp,
telat,
begitu-begitu,
bersamaan,
mmf,
dilema,
2000,
utamanya,
champions,
menanyakan,
paksa,
mytelkomsel,
ditunggu,
waipai,
sesalkan,
maljum,
akses,
pulsanya,
diantar,
grab,
competition,
xd,
setau,
7,
gerak,
card,
freakk,
ss,
10gb,
web,
tandanya,
susahnya,
l,
menjelang,
regulerkan,
respon,
promosikan,
menitip,
denganmu,
istri,
samping,
popol,
bulan,
sedunia,
takut,
ubahnya,
beb,
masya,
lumayan,
siap,
tara,
keberuntungan,
7gb,
kesulitan,
perkara,
kehabisan,
jaringannya,
lari,
pc,
uas,
totwitt,
berat,
besar,
waktu,
masterchef,
gangguannya,
ban,
harapan,
5g,
berakhir,
anjing,
penjelasan,
fantopia,
sekarang-sekarang,
manisrenggo,
rebu,
downgrade,
ganteng,
skh,
tudei,
hafalkan,
tm,
dabest,
membetulkan,
menghilangkan,
ready,
unggah,
bersaudara,
telepon,
79112,
semalam,
hotspot,
entertainment,
balik,
laporan,
perjalanan,
dkk.,
bot,
tertulis,
switch,
pilihan,
sama-sama,
sial,
28,
eyang,
sebanyak,
abal-abal,
whueeee,
sebagus,
saya,
desain,
sekalinya,
info,
menyelamatkan,
sedangkan,
manis,
esim,
irit,
letoi,
sukses,
bor,
segaris,
jam,
melaksanakan,
youtuban,
fb,
toppingnya,
ueueueue,
apes,
sponsorship,
membantu,
mamavote,
hm,
sisa,
haduh,
rewatch,
montir,
server,
mint,
seumur,
sekarang,
alhasil,
loyo,
bawaannya,
masakan,
hya,
katanya,
kemasan,
benaran,
sembuh,
mengomongnya,
besoknya,
platform,
kantor,
terkirim,
membicarakan,
nasi,
pengaturan,
you,
panjang,
rift,
juru,
among,
bulanan,
kehormatan,
hotspotin,
blora,
kumatnya,
dana,
barcodenya,
pingnya,
au,
barbar,
181k,
peserta,
tolong,
sarapannya,
diturutin,
mamaku,
rebahan,
lampung,
120k,
nindynya,
sekar,
pemadaman,
10k,
naikkan,
dibutuhkan,
diru,
5g7g,
tebak-tebakan,
fuck,
kaleng-kaleng,
ringan,
menerima,
mantapnya,
3careindonesia,
hidupku,
tmoney,
lama-lama,
gracias,
kekinian,
jawa,
membagi-bagikan,
sebulan,
mon,
uye,
rumah,
racuni,
buffer,
enaknya,
feyenoord,
mantap,
urusan,
colongan,
tapi,
drop,
adalah,
zonk,
mina,
serba,
alah,
nge,
and,
sob,
kitkat,
hai,
ongkir,
mifi,
tokopedia,
penasarannya,
telkomsel,
kupa,
get,
apa-apaan,
pelayan,
kecepatan,
daya,
bergabung,
inginku,
atau,
rate,
huft,
tambahan,
ramune,
terhadap,
117gb,
imma,
kesayangan,
4g,
teruntuk,
sekelompok,
mwah,
wildrift,
jarang,
woi,
memberikan,
dam,
gregetan,
matos,
dosa,
kangen,
dibadutin,
unrivaled,
meracuni,
tahan,
will,
untouchable,
nagih,
sungchan,
mempersulit,
turun,
ealah,
2020,
gamer,
menggantikan,
tower,
gebetan,
saranghaeu,
tanyakan,
sjj,
mencari,
dulu,
ntek,
tunjukkan,
kesal,
matraman,
hadi,
jati,
kz,
meskipun,
jatuh,
tembus,
stabil,
berharga,
parah,
ngotak,
dicoba,
langit,
pusing,
lagian,
mentok,
ngetweet,
mencegah,
limit,
iya,
mengaktifkan,
12,
gratiskan,
adminnya,
kea,
terus-terusan,
boro-boro,
byuashhh,
laaa,
auto,
konten,
liburan,
untu,
2gb,
kecepatannya,
ngwar,
kode,
yes,
menyambung,
tanah,
loh,
menyampaikan,
dijawab,
sesuai,
treasureataaa,
ngancing,
kabulkan,
sering,
kecil,
baru,
hup,
ndek,
jayapura,
blas,
kegabutan,
disabotase,
han,
banget,
tugas,
20gb,
dibagi,
dipertimbangkan,
110k,
dibandingkan,
nyala,
hubungannya,
pitam,
pemeliharaan,
jiwanya,
btstwt,
rewand,
menyuruh,
blank,
akhirnya,
pay,
200an,
bergantung,
bangmba,
480fps,
terasa,
ajar,
kata,
mencarikan,
desainnya,
xlaxiatatbk,
indah,
27,
pertanyaan,
baiiii,
berantemnya,
jualan,
memutuskan,
lokasi,
batu,
jni,
cc,
noniq,
dibanding,
orbitnya,
indomilk,
tant,
ping,
meeting,
gadeliv,
senin,
hshshs,
kesa,
spill,
acara,
inilah,
pensiun,
matre,
ges,
menguji,
inlimited,
kenapa,
ngelunjak,
berhadiah,
nomo,
hsdpa,
memangnya,
stafnya,
mengisi,
memperbaharui,
telkomindonesia,
ih,
ketagihan,
cuy,
shit,
tap,
responsi,
dhhrjejsks,
hingga,
keasyikan,
upien,
43gb,
mengeluh,
is,
imut,
oj,
verifikasi,
menjiwai,
lopu,
capek,
sekalian,
darah,
prakerja,
uzumaki,
misi,
hidupnya,
ditaruh,
termakan,
agung,
lin,
servicenya,
mode,
muncul,
menaruh,
rabu,
zonajajan,
otomatis,
mah,
kaku,
sekitar,
pasar,
hihi,
merapat,
kartuku,
astrala,
shopeecare,
chocopieez,
nyasar,
begituan,
tua,
25,
aman,
deh,
end,
cbal,
rip,
maya,
anaknya,
tertekan,
promo-promonya,
aman-aman,
menyongsong,
hobinya,
video,
twitteran,
seru,
sesuatu,
pihak,
huaaaa,
peruba,
kiriman,
segeralah,
pilihannya,
ewh,
penghargaan,
ketimbang,
krisis,
publik,
rencana,
diakhir,
jne,
kredivo,
merasa,
break,
berhubung,
sg,
berterima,
fleet,
deng,
platinum,
tercepat,
gelap,
kira-kira,
bawa,
beloon,
gassee,
meneruskan,
pms,
melarat,
udan,
fancam,
tahi,
fuckin,
cbt,
hskskssj,
aktifkan,
ooo,
mengecewakan,
penggantinya,
kekuatannya,
selain,
ingat,
iny,
otak,
bertingkah,
begadang,
natal,
lebi,
goblok,
simpannya,
maraton,
mulus,
diajak,
opera,
saingan,
reconnect,
fotografer,
kirim,
gtlt,
pekannya,
temanku,
mengubah,
seseorang,
ji,
sekolah,
nadin,
ditunggu-tunggu,
tersangkut,
beyond,
serasa,
jangankan,
gibeng,
cvks,
asu,
niatan,
sabar,
guys,
setlah,
thetering,
ml,
ataupun,
keluhan,
surprise,
keterangan,
biasa,
kurirnya,
4gb,
haaa,
gajian,
wtf,
tkn,
sadari,
pengalaman,
irham,
sudahlah,
promoan,
nakal,
tertera,
membuka,
penyelamat,
sebentar,
njepat,
apapun,
raksasa,
gisel,
kedua,
kuotaku,
bts,
sering-sering,
didaftarkan,
berlalu,
connecting,
nontonnya,
hanya,
pokok,
baca,
dasar,
sumpala,
bertentangan,
old,
restart,
dipakaikan,
support,
3106,
lelet,
sign,
audio,
203,
takdir,
jebol,
tingkatkan,
021,
aktivasinya,
kiryuu,
ikan,
dikirimi,
ah,
ilcprokesdilanggar,
mban,
menanggapi,
menunggu,
terindah,
vouchernya,
sedikit-sedikit,
lacak,
mengesalkan,
ye,
viu,
dow,
dom,
v,
bebas,
justru,
belakangan,
bola,
unduhannya,
orang-orang,
brevet,
dini,
yaitu,
lomba,
bosku,
sehabis,
vote,
sebelum,
perekonomianku,
korea,
urgent,
manfaatkan,
kampusku,
1gb,
betah,
laptop,
khusus,
dimasuki,
nanti,
such,
kenyataannya,
andro,
perkuotaan,
akhlak,
bangkai,
diganti,
untungan,
dikontrakan,
doon,
fiber,
pin,
jahat,
soyo,
ada,
perihal,
isinya,
gabung,
simpatiloop,
se,
ponselku,
mengiklankan,
ribu,
rada,
dibuat,
simasuk,
kawan,
loop,
hese,
anu,
kg,
berguguran,
50ms,
semarang,
h,
nyungsep,
normal,
bubble,
dll.,
kemudahan,
chaeryeong,
kaki,
19000,
sinting,
presentasi,
masak,
kotak,
udemy,
asfdfghjsl,
bandwidth,
bayarnya,
tri,
tulisannya,
modem,
5,
hell,
atur,
tuned,
ditinggal,
8,
makan,
mumpung,
banyak,
nah,
testimoni,
tersambar,
sugan,
kalasan,
janjian,
jempol,
mendung,
11000,
ehem,
obatnya,
toleransi,
nateh,
terbeli,
diri,
perbaikan,
tadinya,
tampaknya,
malah,
unduh,
cowok,
qoute,
ketinggalan,
bagus,
mengasih,
meet,
haechan,
secret,
relasi,
buf,
secepat,
perhatiannya,
treasure,
nub,
aksesnya,
tuhan,
kete,
pedesaan,
topping,
bismillah,
coming,
update,
jad,
ikon,
manga,
iklan,
binatang,
berubah,
bless,
penjelasannya,
mnc,
vidcall,
penolong,
120ms,
mbak,
mahal-mahal,
lama,
i,
loncat,
akkkk,
brou,
jeng,
sayangku,
mewakili,
kah,
bajingan,
tau,
cus,
sejujurnya,
jawaban,
akal-akalan,
tether,
sensor,
aaaak,
performa,
beralih,
anying,
saat-saat,
city,
wifi,
cabang,
booth,
127,
alhamdulillah,
kumatku,
110,
larinya,
muram,
pas,
diperbaiki,
sebong,
24,
hah,
whatsapp,
ngerave,
kuotanya,
sestress,
boothnya,
dirapel,
mengagetkan,
angkat,
bergilir,
edan,
unpad,
rewel,
nyemplung,
klan,
marah,
tau-tau,
keren,
kuping,
dat,
topup,
menggiurkan,
mengingatkan,
0mb,
dinyatakan,
kemana,
copot,
pantau,
credits,
infonya,
hotspotku,
menon,
modal,
pasang,
bun,
kuliah,
kasihan,
gimmick,
pada,
mbtw,
v280,
datang,
net,
reward,
mengisinya,
kelemahannya,
dibatasi,
theater,
bojonggede,
dipakai,
kom,
anti,
lafff,
ngerti,
story,
sananya,
scirity,
app2,
ogah,
dm,
tf,
bonusan,
padam,
najis,
menahan,
sanggup,
ukuran,
macet-macet,
maksudnya,
ditanggapi,
acc,
rum,
barusan,
sahabat,
9th,
100netral00,
dibaguskan,
hasil,
jelaskan,
suka-suka,
mengamuk,
bye,
kebablasan,
melimpah,
searching,
ketulungan,
tethring,
ulasan,
sinyalmu,
beres,
nin,
join,
nic,
mobile,
sore,
nyaman,
as,
melatih,
terkesan,
artikel,
kudus,
romantis,
melayani,
kost,
mewtwo,
paketin,
wey,
bo,
sedekat,
totalnya,
cuti,
cepat,
menurut,
tersadar,
total,
satu,
crosscheck,
cacat,
ay,
scam,
lolaa,
macam,
yampe,
flash,
kecewa,
tips,
hari,
4,
dengen,
kemudian,
marketingnya,
id,
mengakses,
assffjvmcidmcjmvkvn,
jodoh,
dicarekan,
permanen,
tujuan,
langganan,
merchandise,
crash,
sd,
ripah,
tumpah-tumpah,
koneksinya,
untung,
998,
sihbyusctvduit,
terpeka,
membuat,
kebun,
mental,
mendapatkan,
selesai,
123,
pontianak,
wilayah,
teror,
hujannya,
entar,
tetap,
benar,
dadah,
komparasi,
setengah,
kembali,
caria,
asem,
niat,
absen,
muhasabah,
league,
dieu,
maksimal,
kering,
dajal,
hilangan,
maleminggu,
sendiri,
bisanya,
bogor,
aps,
oyyy,
kulon,
pol,
kelepasan,
mubazir,
back,
mood,
salatiga,
erornya,
maret,
spoiler,
gadanta,
jadinya,
kumpul,
kalis,
hhhhhfff,
fest,
dirimu,
gaaa,
twitter,
connectnya,
kepada,
kosan,
tergiur,
unchhh,
teman-teman,
internet,
liveon,
legends,
isi,
jenius,
085157105229,
magrib,
kenalkan,
liveondatapower,
pengirimannya,
pulang,
jelas,
kuning,
huh,
babi,
cursing,
berkurangnya,
menggoda,
bobo,
outlet,
ter,
pnh,
teh,
saatnya,
cih,
handuk,
transaksi,
tipu,
berburu,
pengiriman,
sange,
sedekah,
haha,
dc,
tertentu,
for,
perdana,
terbuka,
3gnya,
generasi,
hadehh,
sale,
diperpanjang,
banjarmasin,
been,
kemarin,
minta,
btsbe,
penginnya,
using,
hadiah,
panik,
kehilangan,
ngt,
formasi,
kelupaan,
us,
wig,
menggangu,
berlaku,
kualitas,
rezeki,
memantau,
luv,
marketing,
perasaan,
kakaknya,
long,
datang-datang,
keadaan,
anehnya,
ktp,
pembaruan,
keluar,
ajak,
kartumu,
ganti,
nokk,
gopay,
50,
lop,
goplayindonesia,
terka,
dpr,
sudah,
selamat,
indiholo,
streamingan,
jawab,
beredar,
rank,
tugasku,
pacaran,
caraku,
semakin,
ambun,
dicari,
mampu,
sempat,
terpaksa,
40an,
nyalakan,
chatan,
lewat,
pelajarnya,
gratisannya,
soal,
diciptakan,
buang,
pubgmobilein,
mengomel,
webtoon,
segera,
uwu,
aksjdiwjwjdksjdjdj,
sren,
materi,
cie,
pegang,
dikirim,
seluler,
batas,
100gb,
official,
gerai,
menghabiskan,
over,
besok,
menggapai,
tanggapan,
bonusnya,
pkock,
semangat,
kga,
bacanya,
tethering,
kencang,
mengalahkan,
diskon,
ketika,
beda,
suh,
jadian,
r,
daripada,
bayu,
telpon,
brli,
mengabarkan,
gelut,
merupakan,
ilcollegio5,
datangnya,
langgeng,
menemani,
jeki,
happy,
kartu,
teriak,
disuruh,
line,
75,
starting,
wajib,
cuma,
kampret,
makanya,
reda,
kooo,
covid,
hawanya,
st,
ppppp,
adalno,
pr,
tell,
hehe,
ngepul,
isp,
nomorku,
berita,
teman-temanku,
kabur,
klir,
lihatnya,
jeniusconnect,
be,
gratisnya,
teaser,
way,
tenggat,
seperti,
mendapati,
playlistnya,
nek,
mendi,
dinaikan,
diramaikanlah,
mabuk,
dibagi-bagi,
byus,
depan,
sedot,
sapa,
batang,
gim,
sekedar,
balasan,
bokek,
lav,
desa,
bedw,
cari,
1mpbs,
berpaling,
aaakkk,
begini,
tenang,
set,
hewan,
selemot,
5mbps,
kediri,
petir,
les,
kalinya,
lintar,
allahuakbar,
1st,
tuh,
kawasan,
he,
ngadingadi,
dapatkan,
pln123,
te,
jleg,
menumpang,
rutinitas,
musuhan,
sepanjang,
rokum,
min,
anjir,
ekonomis,
murka,
trinya,
fitur-fitur,
teraman,
gantian,
saldo,
rat,
dra,
sikambing,
iot,
mengerti,
segini,
tukang,
sininya,
mengganggu,
heran,
bebaskan,
menelpon,
tab,
karuan,
sewon,
ngurusun,
februari,
menampung,
480p,
kebangetan,
cok,
pale,
alasan,
gunakan,
nomornya,
mankin,
11,
tentram,
bunuh,
gapke,
0,
sulit,
perjuangan,
maeng,
upn,
pemesanan,
dipertahankan,
konek,
bcs,
1000,
3399,
useetvgo,
disini,
hemat,
got,
kembalikan,
300,
atuh,
250,
sat,
kasar,
kapasitas,
true,
ribunya,
lalu,
duanya,
curhat,
kasusnya,
adcuma,
lesma,
yaelah,
register,
bebts,
go,
usah,
reveal,
jauh,
dengan,
bawa-bawa,
110gb,
viral,
menambahkan,
setara,
dimanjakan,
down,
menertawakan,
mertua,
pegunungan,
mpwrid,
mak,
unreg,
lairan,
kado,
alay,
duh,
kuo,
kura,
situ,
dulsss,
pik,
harini,
15gb,
tengah-tengah,
mentwitt,
sana,
dapatnya,
dan,
mengira,
jeda,
besaran,
sungwoon,
debut,
cintamu,
dedet,
maintenance,
dosen,
rek,
wahai,
whatsappan,
2mbpsnya,
n,
tho,
bos,
kantong,
monthiversary,
pendiri,
adh,
calon,
paham,
terusnya,
80gb,
merubah,
hariannya,
pipipipip,
hhhh,
ditulis,
55gb,
punyaku,
tren,
goceng,
ampun,
racun,
kebutuhanku,
sumpah,
cirebon,
sepertinya,
gelo,
euy,
kualitasmu,
tebak,
siput,
asalnya,
diatur,
12gb,
semingguan,
culture,
kayaknya,
spotify,
kerjasamanya,
bertambah,
ngekoplo,
nih,
pindah,
bagian,
iseng,
atas,
ngentot,
bilangnya,
internetan,
sadaqah,
anggaran,
ahk,
38,
kouta,
gibran,
surat,
tse,
tl,
norak,
mengeluarkan,
lagi,
lebih,
menit,
satunya,
0gb,
conquest,
konyol,
model,
inikah,
jatinangor,
terpasang,
solusi,
nomor,
mengumumkan,
hhnnnnnnnnn,
psk,
mentang,
batasi,
byupedia,
memanfaatkan,
walah,
sedih,
efektif,
terblokir,
heleh,
s3,
malang,
whatsappku,
daftarkan,
wadah,
ceritakan,
mengambil,
banya,
vidcon,
apanya,
aw,
mengadakan,
berputar-putar,
costumer,
pribadi,
berliur,
kentang,
segalanya,
ate,
connect,
paketannya,
1mbps,
kamar,
sejahtera,
injek,
peningkatan,
silang,
kualitasnya,
diawali,
sekaligus,
darting,
virtual,
gaya,
melakukan,
keluarkan,
bel,
sambil,
film,
menyebutnya,
ha,
galau,
hilangnya,
kere,
camping,
walaupun,
kalipun,
ku,
pembayaran,
ig,
4k,
lancarkan,
wkakkakakaka,
moon,
gampar,
tanya-tanya,
18,
14,
all,
beresnya,
lov,
tekanan,
ghosting,
post,
bohong,
pesan,
peme,
asaan,
stalking,
ldr,
innya,
car,
cepatan,
adik,
mandek,
akskskshakak,
6060100601006060,
orang,
on,
mumasak,
deals,
terusan,
tobat,
diceritakan,
hidupkan,
pakaio,
provider,
terunggah,
dmku,
lanaung,
wildriftsea,
reggae,
iphone,
meresahkan,
gmail,
berharap,
32gb,
libur,
wkwkwk,
jumatku,
resek,
diincar,
oreedo,
gatal,
terakhir,
apalagi,
utuh,
muluk,
haruskah,
gubuknetijen,
ditingkatkan,
aneh,
kar,
hafal,
gemas,
600kbpsan,
stream,
share,
tunjuk,
saat,
tolo,
500,
mirip,
komplain,
adegan,
ramah,
anniversary,
foto,
firstmed,
alternatif,
kaos,
kami,
cafe,
harunozukaid,
elah,
simnya,
comeback,
sebagai,
senang,
gopok,
nayeon,
terus,
baik,
720p,
sopan,
pmgc,
pacitan,
laksana,
transaksinya,
hilang-hilang,
menyisakan,
wifinya,
indot,
pikir,
paketanku,
pasti,
jakarta,
halaman,
emoney,
meja,
stories,
hidayah,
jenisnya,
lah,
mu,
sementara,
shopeeid,
gagal,
astaga,
abang,
mewah,
700,
un,
15,
trendingnya,
akbar,
protes,
gniw,
haus,
enakan,
pergi,
dibelikan,
terlalu,
pilih,
lumayanlah,
dimatiin,
dua-duanya,
dp,
medan,
berdoa,
terkejut,
ltlt,
dichat,
kartun,
cadangan,
oalah,
telegram,
tetapi,
serius,
hadirkan,
just,
eror,
pulsaku,
borong,
sumut,
streamingnya,
cilung,
timeout,
maka,
newbie,
mulai,
berusaha,
kompak,
twitt,
margonda,
perlu,
koinnya,
termasuk,
pusat,
bekasi,
internetku,
pocket,
unlimitedmu,
0ms,
istimewa,
selalu,
kawanku,
seharga,
berselancar,
karena,
arahan,
supert,
struggle,
ngekost,
terdaftar,
buluk,
tambah,
30gb,
penyakit,
upgrade,
uts,
buka,
banyaknya,
mubeat,
ingin,
tanpa,
duel,
yaopo,
jedug,
ygsh,
meredam,
ponsel,
komentarnya,
latency,
opsi,
voucher,
akumulasi,
nperf,
merah,
modul,
kebutuhan,
today,
habiskan,
mungkin,
untungnya,
genting,
asus,
datanglah,
cukup,
kompetisi,
sinyal,
sight,
gan,
wetv,
delay,
dinantu,
serta,
masa,
menyerah,
mepet,
okelah,
triindonesia,
makassar,
your,
service,
purnama,
wuih,
ke,
kinerjamu,
dadj,
buat,
punya,
tern,
pacarku,
95,
ganggu,
doang,
fitri,
ampas,
perak,
ikutan,
jombang,
tiba,
lock,
dibuka,
pengin,
here,
kekkalau,
ngurut,
tadi,
tasik,
mas-mas,
benarkan,
menawari,
indosat,
belinya,
setiap,
250kbps,
bagusnya,
memiliki,
sok,
getty,
kantormu,
2mbps,
redmi,
keterlaluan,
tergusur,
penggunanya,
misalkan,
custom,
trending,
kehed,
mengantarkan,
gambar,
35gb,
melewatkan,
trejo,
bangga,
what,
heryzo,
samarinda,
apn,
menyadari,
premier,
pemerintah,
dimaksud,
ribuan,
joox,
marilah,
situasi,
graha,
1x24,
ari,
dibeli,
apaan,
siklus,
mengumpulkan,
richgiga,
berapa,
juga,
mubank,
cuaca,
login,
penggunaan,
pak,
minat,
gampang,
conference,
seokjin,
45,
file,
sosialisasi,
arknights,
sepupu,
dihitung,
done,
aaaaa,
utama,
rep,
proses,
data,
uji,
meriah,
terbalik,
kaum-kaum,
eleh,
terdeteksi,
macam-macam,
sedikit,
hadir,
pelit,
keyboard,
murah,
gayengco,
villa,
rusak,
hih,
maju,
hubungan,
3441,
menemukan,
150,
ashsgishaga,
saranghe,
youth,
100,
cinta,
euh,
57057,
1111,
rekor,
rto,
36,
istirahat,
setahunan,
waktunya,
mewakilkan,
barat,
dibalas,
berbeda,
sales,
tinggi,
link,
gimana,
checkout,
terjebak,
sampai,
up,
juara,
tampak,
murce,
vlive,
mengomentari,
tid,
puas,
bawannya,
400,
ponselnya,
iklannya,
moots,
kabar,
mala,
pindahkan,
peluncuran,
coba,
jeleknya,
kooperatif,
memperbaiki,
setahun,
mengobrol,
ahelah,
im3,
enak,
sakti,
kakak,
memuat,
tebing,
akibat,
terbit,
estender,
lihat,
ininya,
rendah,
chatin,
finansial,
legend,
saudara,
terutama,
kaaya,
taunya,
kampus,
nikmat,
jari,
cara,
bercanda,
main,
jaringanmu,
selanjutnya,
prank,
taeyong,
kaget,
fikir,
koneksikan,
kiranya,
anda,
permekian,
thread,
waykanan,
stres,
terburu-buru,
pekan,
date,
rumput,
str,
mengunggah,
tepat,
tumben,
wajar,
onl,
berkurang,
rangers,
user,
berkata,
konsisten,
60gb,
heyahe,
btumbk,
lho,
berdua,
direspon,
order,
bodoh,
tekor,
ndes,
smartfrenworld,
kadieu,
digit,
smartfren,
tanda,
loadingnya,
09501040,
brengsek,
dianggap,
grogol,
dimana,
dibelum,
pengguna,
bene,
masiae,
ditindak,
bloated,
like,
bonus,
menyemarakkan,
mimpi,
lain,
80,
mmk,
kompromi,
bungkus,
hashtag,
zona,
masker,
laporkan,
dapat,
yey,
menghabiskannya,
ewallet,
suruh,
king,
bernyanyi,
oke,
masuk,
malam,
disita,
biasanya,
ret,
tn,
aww,
ghoib,
menyesak,
sembut,
nikmatnya,
mainstream,
lur,
soalnya,
sangka,
warganet,
600mb,
belakangnya,
unggahnya,
comes,
diskonan,
dilihat,
terpotong,
pft,
agak,
syahdu,
tidak,
rang,
astagfirullah,
jarjel,
sebenarnya,
mpwr,
zonabu,
diucapkan,
pulsanyaa,
666,
el,
biar,
fuufufu,
anjay,
140,
heh,
prosesnya,
buset,
dadakan,
allahu,
lam,
raya,
40gb,
melambat,
oktober,
time,
selelet,
tusukan,
tokopediacare,
telponan,
pelosok,
gu,
datar,
poll,
menggunakkan,
ngebucin,
kalian,
100k,
permainan,
wah,
pola,
2g,
pemersatu,
kedebet,
hijau,
niatnya,
spg,
daring,
lelah,
hua,
p,
ikut,
nan,
sponsor,
ambassador,
marah-marah,
belajar,
sambat,
menambah,
bit,
telkomcare,
mention,
maunya,
telkom,
bumi,
sebahagia,
dikerjain,
tewas,
appayment,
toh,
kacau,
headsetku,
maluma,
kekuatan,
lord,
khusuk,
mbps,
traktir,
perhatikan,
1440p,
200900,
terserah,
bareng,
day,
kemendikbud,
sebelumnya,
lemah,
im3ooredoo,
den,
kbs,
alias,
bandel,
sesu,
testing,
brows,
tipsnya,
kemalasan,
jol,
setelah,
ci,
kang,
seruduk,
aaaa,
menangis,
jenis,
akti,
ueueue,
gawe,
mengajak,
100mb,
a6,
persyaratannya,
zoom,
sms,
oh,
naa,
ashue,
sweet,
internetnya,
yang,
tanggung,
lowongan,
config,
terulang,
sukanya,
pesankan,
kundur,
lagu,
adikku,
pubg,
nenekku,
ininy,
stabilkan,
leuwiliang,
jamet,
miskin,
warna,
exp,
hebat,
lengkap,
semaunya,
universe,
200kbps,
keong,
tempatnya,
tiktokan,
harganya,
war,
pekerjaan,
memahami,
800,
heloo,
yawla,
mampus,
resesi,
jadi,
terharu,
14gb,
andai,
lucu,
wfo,
req,
samanya,
3g,
jalannya,
lahiran,
gnok,
huhu,
plek,
dear,
mur,
ajari,
siapapun,
beta,
35,
iqyi,
disney,
servis,
masak-masak,
tentang,
kenyang,
marketeers,
shopeepay,
sebulannya,
yatd,
full,
mengakak,
dijadikan,
bar,
ngejos,
tidur,
kesampaian,
jalantikuscom,
selatan,
zenius,
lancar,
menang,
kira,
gembel,
menyambungkan,
sangar,
jomblo,
didapat,
wawancara,
diunggah,
bamgcat,
sama,
aktifasi,
payah,
rangkaian,
tempatku,
leletnya,
habis,
gto,
site,
terisi,
terbuang,
musim,
danawallet,
pengumuman,
pbh,
ads,
maklum,
lte,
jelek,
cerita,
miss,
batasnya,
semoga,
combo,
bunda,
esia,
drama,
unduhan,
26,
monyet,
pos,
smh,
live,
fak,
lagunya,
kayak,
dighosting,
permisi,
tengah,
reconnection,
dimananya,
menonton,
uu,
masnya,
pul,
nerbener,
kombo,
ditambah,
canggih,
weh,
25gb,
diandalkan,
business,
twitch,
sampel,
jobstreet,
aktifnya,
sajalah,
shadowban,
belikan,
misalnya,
dibantu,
hiyalu,
indosatcare,
sesi,
mama,
bisa,
1,
indonesia,
tiap,
duit,
page,
tipe,
cccccc,
otw,
trendi,
penuh,
konsumen,
mensiv,
mencoba,
registrasi,
10000,
alus,
dipaksakan,
sini,
gd,
proxy,
bantul,
sekali,
ios,
zaman,
grrrrr,
ish,
nonton,
pubgmobile,
twt,
pisang,
sms-sms,
testimoninya,
ooredoo,
bersahabat,
linkaja,
melulu,
merayakan,
kebetulan,
krusial,
zs3,
my,
status,
dari,
asusx00rd,
byu,
mengalami,
4233,
demi,
tgg,
syncronize,
aaaaak,
code,
turnitin,
refresh,
pamer,
twitterku,
lapor,
pengeluaran,
kok,
tanggal,
akimoodz,
terhitung,
pilih-pilih,
aduh,
referral,
potong,
menggunakan,
persetan,
kesurupan,
matikan,
kan,
sisanya,
har,
harinya,
fitur,
6,
camp,
kelihatan,
lainnya,
goa,
daerah,
ds,
dek,
genti,
wih,
produk,
bentar,
selularid,
qismin,
untuk,
pinjam,
guiseee,
kuota,
banyakan,
bacut,
aku,
pulau,
boikot,
elektrik,
bobrok,
gacor,
dibagikan,
leluasa,
ratoto,
rahasia,
sombong,
membayangkan,
wassalam,
sebal,
sangatlah,
crystal,
keuntungan,
menuruti,
kota,
wow,
tiba-tiba,
depok,
dipesan,
tersebut,
setia,
hobi,
scbcldsxk,
android,
kab,
kutuk,
drakor,
lanjut,
terbangun,
sakit,
cek,
deliv,
menipis,
santet,
saran,
adakah,
huhhuu,
15mb,
area,
skdjsjks,
sejam,
dd,
paket-paketnya,
ekspektasi,
google,
ujung,
greget,
cieilah,
plus,
ppp,
engah,
kalau,
merek,
indomart,
bank,
kec,
tangan,
mendapat,
u,
dabes,
tiga,
keputusan,
bertukar,
gosend,
ngegame,
dikirimin,
shock,
teman,
fix,
mengunggahnya,
anak,
mengurus,
berguna,
bakal,
ieu,
keduanya,
ngaload,
entah,
hits,
41,
tutorial,
brok,
macetnya,
diaktivasi,
rupiah,
mulia,
jaya,
cewek,
kamu,
bimbang,
meme,
talkshow,
ternyata,
jf,
caranya,
pukul,
layak,
kabupaten,
ngetwitch,
lejen,
apresiasi,
harga,
ajarkan,
penolongku,
bro,
nonaktifkan,
perbaiki,
hilang-hilangan,
sim800l,
lakukan,
manajernya,
antri,
zonaba,
kare,
menonaktifkan,
buffernya,
cakep,
kebanyakan,
bayar,
berkali-kali,
angusin,
midnight,
fakk,
series,
rest,
membelikan,
harusnya,
run,
woe,
jujur,
dibatalkan,
assalamualaikum,
kukang,
munculkan,
secara,
kandas,
anjerla,
melaporkan,
pemalang,
ara,
20,
pembagian,
sistemnya,
giveawaynya,
hiks,
chrome,
firstmediacares,
walau,
nyetel,
kontakbri,
ra,
terdampar,
kehidupan,
stick,
dipercaya,
selagi,
tutup,
weekend,
surel,
mengecek,
pencerahannya,
kambuh,
berteman,
cii,
asulaptop,
pekanbaru,
zzzzz,
polan,
avv,
penasaran,
4gnya,
mati,
5gb,
flower,
always,
gabut,
diaktifkan,
enet,
kanan,
seabad,
idr,
koneksi,
kalah,
kebakaran,
potongan,
tim,
template,
alfamart,
unlimitednya,
bagi,
loncat-loncat,
akhir-akhir,
channel,
berantem,
memencetnya,
beserta,
drastis,
ketidaknyamanan,
paketnya,
gratis,
seberapa,
okean,
jambi,
kalipapan,
ngedm,
boke,
bay,
kuis,
beberapa,
sedang,
maksimalnya,
euuuu,
penduduk,
kontol,
seminggu,
uang,
paling,
friendzone,
kao,
wiyoro,
ge,
ngeri,
memakai,
50k,
asyiknya,
mendadak,
mengerjakan,
jarang-jarang,
90k,
youtube,
November,
rejeki,
pagi-pagi,
match,
cipayung,
mengunduh,
dihabiskan,
dual,
pendidikan,
mass,
mainnya,
menjadi,
remuk,
komunikasi,
aktif,
seeeee,
pergaulan,
awalnya,
animeamp,
roti,
pasaran,
beriklan,
huwee,
televisi,
biji,
kemendikbudri,
pernah,
oe,
500mb,
pause,
pandemi,
saham,
mudah-mudahan,
obat,
nomplok,
gede,
far,
bontang,
berkat,
asli,
benar-benar,
jual,
tiktok,
berbicara,
ranked,
khawatir,
nindah,
wa,
bermain,
daun,
ser,
dahulu,
cocok,
lag,
cool,
275,
lo,
xl,
terbang,
ujian,
bapak,
melamun,
hoho,
xiaomi,
compare,
bayy,
kemusuhan,
parfum,
jawabannya,
at,
cuk,
tetangga,
citra,
mening,
wks,
habis-habis,
ninjaku,
deadline,
ulang,
dukanya,
apakah,
pengecekan,
ueue,
gangguan,
sebuah,
bertumpuk,
informasi,
menarik,
detailnya,
tawarkan,
kelar,
ramai,
kepala,
siap-siap,
yuhu,
disneyplusid,
aplikasi,
isikan,
kendor,
udah,
the,
berhasil,
kerja,
siang,
tersedot,
ente,
mixtape,
per,
doi,
1300,
semua,
sampainya,
tante,
berasa,
waiting,
sia-sia,
latar,
bakalan,
dikala,
beri,
lebaran,
ti,
mv,
1830,
ngadi2,
deras,
hire,
dalamnya,
ospek,
an,
kencan,
goes,
jurnalrisa,
promosi,
berputar,
kenal,
kemarinpun,
ee,
pengambilan,
mencari-cari,
pertahankan,
dalam,
seluruh,
jualannya,
op,
ati,
pro,
gabi,
kampung,
butut,
lambat,
muda,
mengaco,
hangus,
klaten,
keburu,
sudi,
perang,
aigistories,
melemah,
dih,
tengkulak,
apa-apa,
shopeenya,
tunggu,
ew,
gemah,
terhormat,
betul,
terbaik,
bni,
ba,
kepunyaan,
minggu,
pendemi,
pantas,
halo,
semuanya,
berinovasi,
det,
balada,
abeach,
terima,
smart,
kisaran,
rekomendasi,
least,
sekitarnya,
ibadah,
ibunya,
tb,
pertanda,
sungjin,
ilmu,
random,
well,
tes,
apa,
showroom,
diselesaikan,
awet,
duluan,
80mb,
berulah,
jedag,
diubah,
kebersamaan,
menyebalkan,
kepal,
tambahkan,
reguler,
120,
ambisi,
masalah,
gorong,
menyakiti,
tweet,
paketanya,
memperlihatkan,
gmeet,
bu,
laundry,
bikin,
bingung,
nik,
dums,
progres,
jaringanku,
masuk-masuk,
oleh,
kasihkan,
dibikin,
65,
aga,
primitif,
fup,
super,
memasukkan,
balas,
batt,
sarapan,
boy,
lt3,
merekomendasikan,
idul,
jogja,
paketku,
pelayanan,
ajaib,
200,
pubgm,
sikat,
astaghfirullah,
pagi,
modern,
mempunyai,
pembelian,
kaya,
recommended,
10,
maksud,
hoy,
tersedia,
partisipasi,
wild,
berpindah,
roboh,
rekkk,
geser,
negeri,
busuk,
23gb,
tahunnya,
34gb,
satria,
dekat,
natasha,
blog,
byunya,
leave,
allah,
batin,
dikirimnya,
abal,
3,
bantu,
jadwal,
treasuremembers,
beli,
ayolah,
tolol,
youtubeku,
canva,
good,
dimarih,
pokonyaaa,
sejak,
konsep,
siapa,
dipaksa,
badai,
belajarnya,
mahal,
pinjaman,
mana,
clara,
perkuliahan,
tahun,
12564,
sindur,
vs,
netflix,
bersama,
2,
game,
hey,
mbanking,
gs,
bau,
ngezoom,
sepuasnya,
tebu,
movimax,
ketemu,
kemendikbudnya,
kenyang-kenyang,
terbawa,
sembelit,
dafuq,
monthiversarynya,
queen,
mei,
seb,
vi,
simpati,
rp,
pjj,
memberi,
kejutan,
tanya,
edge,
itu,
mobilelegends,
bengek,
keributan,
goban,
semau,
hujan,
pengikut,
rasa,
menghilang,
disininya,
22,
bale,
tt,
chat,
dikenal,
sedikitpun,
shopee,
memikirkan,
perangkat,
saudaranya,
blok,
bahagia,
padahal,
providernya,
theatre,
huf,
kia,
bantai,
mbre,
keno,
adanya,
pretest,
namanya,
lol,
fakir,
membeli,
depannya,
notifikasi,
hh,
uuuu,
xiaomiindonesia,
kal,
men,
butuh,
klaim,
lgg,
pyeong,
menyarankan,
terkena,
menerus,
memancing,
puji-puji,
part,
eveyhvmmond,
komentar,
love,
cair,
heee,
brojol,
ccd,
bussiness,
ambek,
hujan-hujan,
kadonya,
hype,
trashy,
diajari,
meminta,
peminatnya,
kedepannya,
nikmati,
ya,
used,
digunakan,
trf,
susah,
afk,
quora,
olahraga,
rayakan,
telponkan,
jalantikus,
classroom,
bukan,
enhypenmembers,
ketopup,
pembeliannya,
suaranya,
saking,
wn,
sinkron,
iseng-iseng,
mulut,
fiersabesari,
merepotkan,
qwiklabs,
mari,
axiata,
tr1,
vpn,
gaming,
pelajaran,
jalan,
hal,
joking,
mal,
sebelah,
grapari,
hadiahnya,
jadikan,
tercinta,
twitternya,
kadang,
miracle,
hiksrot,
selasa,
ditambahkan,
berarti,
kabtang,
aiiah,
menantang,
menyatakan,
youtubenya,
year,
hadeh,
boleh,
cocok-cocokan,
istigfar,
terputus,
mengirim,
buaya,
responini,
9,
worthy,
bintang,
dada,
facebook,
tenggang,
bilang,
di,
130gb,
regular,
095,
melalui,
su,
membuatku,
listrik,
fraud,
jangka,
bisa-bisa,
memilih,
care,
moba,
daftar,
besar-besar,
memulai,
perpanjang,
lupa,
langsung,
55,
royal,
percuma,
mengejutkan,
naik,
dengarkan,
65gb,
po,
empat,
henggg,
500kbps,
ccdukcapil,
keliru,
orangnya,
byr,
tonton,
bisa-bisanya,
makanan,
godaan,
leungit,
eks,
buruk,
halal,
kelamaan,
haruleng,
ditukar,
mending,
baterai,
komplainnya,
berburuk,
antara,
literally,
jumat,
0055,
dibawa,
fokus,
190kbps,
nya,
unlimited,
diproses,
pakai,
soooo,
baratnya,
by,
subuh,
club,
sihdi,
bermanfaat,
bisnis,
aljazeera,
wfh,
tertunda,
belum,
kartunya,
pun,
40,
mampir,
hookspaceid,
terdengar,
berpengaruh,
goreng,
suamiku,
biarkan,
cepe,
mengupil,
axis,
sadar,
dunia,
sjsjsjs,
connectionnya,
kambing,
cimahi,
suram,
a,
melimpahnya,
bermasalah,
cihampelas,
sekeren,
giliran,
hutan,
apk,
scale,
dikira,
joyon,
beragam,
browsing,
o,
kasih,
positif,
pesawat,
jangan,
kerjakan,
terpujilah,
terbasar,
aktivitasi,
para,
waduh,
mencak-mencak,
shaun,
maklumlah,
unduhnya,
pelanggan,
1080p,
mengomong,
gerimis,
semenjak,
50gb,
bersamamu,
tele,
sim,
diam-diam,
jomplang,
come,
63gb,
menyedot,
alur,
edgarrrr,
enggak,
memori,
misal,
pengertian,
dia,
masterchefina,
hue,
lemineraleid,
traktirannya,
menawarkan,
dijawab-jawab,
ramunebarengkiii,
kecep,
awal,
11gb,
kosong,
saja,
mas,
milenial,
disambut,
ninuninu,
snap,
tololransi,
brand,
terpakai,
firefox,
pulsa,
gambarnya,
kak,
rasanya,
keranjang,
memangkas,
anjirlah,
kendala,
menyebut,
putus,
menua,
selingkuh,
massal,
sinyalnya,
luar,
menempel,
gaul,
fish,
peli,
bibit,
harunolive,
kesabaran,
hoax,
awas,
php,
lepas,
trans,
indeed,
ubah,
